provgropsbilder_måns;/;alskog rommunds 1_13;/;?       IMAG0209.jpg
provgropsbilder_måns;/;alskog rommunds 1_14;/;?       IMAG0210.jpg
provgropsbilder_måns;/;alskog rommunds 1_15;/;?       IMAG0211.jpg
provgropsbilder_måns;/;alskog rommunds 1_16;/;?       IMAG0212.jpg
provgropsbilder_måns;/;alskog rommunds 1_17;/;?       IMAG0213.jpg
provgropsbilder_måns;/;alskog rommunds 1_18;/;?       IMAG0214.jpg
provgropsbilder_måns;/;alskog rommunds 1_19;/;?       IMAG0215.jpg
provgropsbilder_måns;/;alskog rommunds 1_20;/;?       IMAG0216.jpg
provgropsbilder_måns;/;Stenkumla gardrungs 1_40;/;?       insp2017_10_31.pdf
provgropsbilder_måns;/;EskelhemÖvide1_54;/;?       IMG_20180412_143414.jpg
provgropsbilder_måns;/;EskelhemÖvide1_55;/;?       IMG_20180412_143418.jpg
provgropsbilder_måns;/;EskelhemÖvide1_56;/;?       IMG_20180412_144009.jpg
provgropsbilder_måns;/;EskelhemÖvide1_57;/;?       IMG_20180412_144017.jpg
provgropsbilder_måns;/;Ardre Alsarve 3_1;/;?       IMG_2874.JPG
provgropsbilder_måns;/;Ardre Alsarve 3_2;/;?       IMG_2861.JPG
provgropsbilder_måns;/;Ardre Alsarve 3_3;/;?       IMG_2862.JPG
provgropsbilder_måns;/;Ardre Alsarve 3_4;/;?       IMG_2863.JPG
provgropsbilder_måns;/;Ardre Alsarve 3_5;/;?       IMG_2864.JPG
provgropsbilder_måns;/;Ardre Alsarve 3_6;/;?       IMG_2865.JPG
provgropsbilder_måns;/;Ardre Alsarve 3_7;/;?       IMG_2866.JPG
provgropsbilder_måns;/;Ardre Alsarve 3_8;/;?       IMG_2867.JPG
provgropsbilder_måns;/;Ardre Alsarve 3_9;/;?       IMG_2868.JPG
provgropsbilder_måns;/;Ardre Alsarve 3_10;/;?       IMG_2869.JPG
provgropsbilder_måns;/;Ardre Alsarve 3_11;/;?       IMG_2870.JPG
provgropsbilder_måns;/;Ardre Alsarve 3_12;/;?       IMG_2871.JPG
provgropsbilder_måns;/;Ardre Alsarve 3_13;/;?       IMG_2872.JPG
provgropsbilder_måns;/;Ardre Alsarve 3_14;/;?       IMG_2873.JPG
provgropsbilder_måns;/;lye smiss 3_1;/;?       BN2016_9794_20170721 (2).jpg
provgropsbilder_måns;/;lye smiss 3_2;/;?       BN2016_9794_20170721 (1).jpg
provgropsbilder_måns;/;Vall Roleks 1_6;/;?       IMG_2946.JPG
provgropsbilder_måns;/;Vall Roleks 1_7;/;?       IMG_2940.JPG
provgropsbilder_måns;/;Vall Roleks 1_8;/;?       IMG_2941.JPG
provgropsbilder_måns;/;Vall Roleks 1_9;/;?       IMG_2942.JPG
provgropsbilder_måns;/;Vall Roleks 1_10;/;?       IMG_2943.JPG
provgropsbilder_måns;/;Vall Roleks 1_11;/;?       IMG_2944.JPG
provgropsbilder_måns;/;Vall Roleks 1_12;/;?       IMG_2945.JPG
provgropsbilder_måns;/;När Maldes 1_28;/;?       16 juni_20170616 (2).jpg
provgropsbilder_måns;/;När Maldes 1_29;/;?       16 juni_20170616 (3).jpg
provgropsbilder_måns;/;När Maldes 1_30;/;?       16 juni_20170616 (4).jpg
provgropsbilder_måns;/;När Maldes 1_31;/;?       16 juni_20170616 (5).jpg
provgropsbilder_måns;/;När Maldes 1_32;/;?       16 juni_20170616 (6).jpg
provgropsbilder_måns;/;När Maldes 1_33;/;?       16 juni_20170616 (1).jpg
provgropsbilder_måns;/;När Maldes 1_34;/;?       16 juni_20170616 (1).mp4
provgropsbilder_måns;/;fide stora västergårde 1_34;/;?       20160512_141727.jpg
provgropsbilder_måns;/;fide stora västergårde 1_35;/;?       20160512_141737.jpg
provgropsbilder_måns;/;fide stora västergårde 1_36;/;?       20160512_142127.jpg
provgropsbilder_måns;/;fide stora västergårde 1_37;/;?       20160512_142408.jpg
provgropsbilder_måns;/;fide stora västergårde 1_38;/;?       20160512_142413.jpg
provgropsbilder_måns;/;fide stora västergårde 1_39;/;?       20160512_142422.jpg
provgropsbilder_måns;/;fide stora västergårde 1_40;/;?       20160512_142431.jpg
provgropsbilder_måns;/;blött jan2018;/;        IMG_20180131_154517.jpg
provgropsbilder_måns;/;blött jan2019;/;        IMG_20180131_152500.jpg
provgropsbilder_måns;/;blött jan2020;/;        IMG_20180131_152519.jpg
provgropsbilder_måns;/;blött jan2021;/;        IMG_20180131_152607.jpg
provgropsbilder_måns;/;blött jan2022;/;        IMG_20180131_152617.jpg
provgropsbilder_måns;/;blött jan2023;/;        IMG_20180131_152939.jpg
provgropsbilder_måns;/;blött jan2024;/;        IMG_20180131_152947.jpg
provgropsbilder_måns;/;blött jan2025;/;        IMG_20180131_153001.jpg
provgropsbilder_måns;/;blött jan2026;/;        IMG_20180131_153005.jpg
provgropsbilder_måns;/;blött jan2027;/;        IMG_20180131_153013.jpg
provgropsbilder_måns;/;blött jan2028;/;        IMG_20180131_154500.jpg
provgropsbilder_måns;/;blött jan2029;/;        IMG_20180131_154507.jpg
